{"cameraMode":{"drawMode":0,"name":"Shaded","section":"Shading Mode"},"sceneLighting":true,"audioPlay":false,"sceneViewState":{"showFog":true,"showMaterialUpdate":false,"showSkybox":true,"showFlares":true,"showImageEffects":true,"showParticleSystems":true,"showVisualEffectGraphs":true,"m_FxEnabled":true},"in2DMode":false,"pivot":{"x":12.793694496154786,"y":33.62794494628906,"z":4.022613525390625},"rotation":{"x":0.14141616225242616,"y":-0.010394948534667492,"z":0.0014874131884425879,"w":0.9899067282676697},"size":17.909942626953126,"orthographic":false}